"","State","date","Vaccination Percent","Percent","Forecast"
"1","ACT",2021-08-01,NA,23.06,"False"
"2","ACT",2021-08-02,NA,23.92,"False"
"3","ACT",2021-08-03,NA,24.43,"False"
"4","ACT",2021-08-04,NA,24.77,"False"
"5","ACT",2021-08-05,NA,25.07,"False"
"6","ACT",2021-08-06,NA,25.64,"False"
"7","ACT",2021-08-07,NA,26.08,"False"
"8","ACT",2021-08-08,NA,26.38,"False"
"9","ACT",2021-08-09,NA,27.14,"False"
"10","ACT",2021-08-10,NA,27.47,"False"
"11","ACT",2021-08-11,NA,28.2,"False"
"12","ACT",2021-08-12,NA,28.61,"False"
"13","ACT",2021-08-13,NA,29.94,"False"
"14","ACT",2021-08-14,NA,30.31,"False"
"15","ACT",2021-08-15,NA,30.47,"False"
"16","ACT",2021-08-16,NA,31.27,"False"
"17","ACT",2021-08-17,NA,32.18,"False"
"18","ACT",2021-08-18,NA,32.59,"False"
"19","ACT",2021-08-19,NA,34.13,"False"
"20","ACT",2021-08-20,NA,35.7,"False"
"21","ACT",2021-08-21,NA,35.99,"False"
"22","ACT",2021-08-22,NA,36.24,"False"
"23","ACT",2021-08-23,NA,37.57,"False"
"24","ACT",2021-08-24,NA,37.91,"False"
"25","ACT",2021-08-25,NA,38.8,"False"
"26","ACT",2021-08-26,NA,39.95,"False"
"27","ACT",2021-08-27,NA,40.44,"False"
"28","ACT",2021-08-28,NA,40.67,"False"
"29","ACT",2021-08-29,NA,40.95,"False"
"30","ACT",2021-08-30,NA,41.35,"False"
"31","ACT",2021-08-31,NA,42.89,"False"
"32","ACT",2021-09-01,NA,43.86,"False"
"33","ACT",2021-09-02,NA,44.55,"False"
"34","ACT",2021-09-03,NA,45.32,"False"
"35","ACT",2021-09-04,NA,45.87,"False"
"36","ACT",2021-09-05,NA,46.33,"False"
"37","ACT",2021-09-06,NA,46.96,"False"
"38","ACT",2021-09-07,NA,47.9,"False"
"39","ACT",2021-09-08,NA,48.66,"False"
"40","ACT",2021-09-09,NA,49.37,"False"
"41","ACT",2021-09-10,NA,50.09,"False"
"42","ACT",2021-09-11,NA,50.79,"False"
"43","ACT",2021-09-12,NA,51.37,"False"
"44","ACT",2021-09-13,NA,52.09,"False"
"45","ACT",2021-09-14,NA,52.97,"False"
"46","ACT",2021-09-15,NA,53.71,"False"
"47","ACT",2021-09-16,NA,54.43,"False"
"48","ACT",2021-09-17,NA,55.22,"False"
"49","ACT",2021-09-18,NA,55.93,"False"
"50","ACT",2021-09-19,NA,56.29,"False"
"51","ACT",2021-09-20,NA,56.94,"False"
"52","ACT",2021-09-21,NA,57.97,"False"
"53","ACT",2021-09-22,NA,58.72,"False"
"54","ACT",2021-09-23,NA,59.46,"False"
"55","ACT",2021-09-24,NA,60.29,"False"
"56","ACT",2021-09-25,NA,60.99,"False"
"57","ACT",2021-09-26,NA,61.47,"False"
"58","ACT",2021-09-27,NA,62.24,"False"
"59","ACT",2021-09-28,NA,63.15,"False"
"60","ACT",2021-09-29,NA,63.74,"False"
"61","ACT",2021-09-30,NA,64.76,"False"
"62","ACT",2021-10-01,NA,65.67,"False"
"63","ACT",2021-10-02,NA,66.6,"False"
"64","ACT",2021-10-03,NA,67.33,"False"
"65","ACT",2021-10-04,NA,67.8,"False"
"66","ACT",2021-10-05,NA,68.83,"False"
"67","ACT",2021-10-06,NA,69.86,"False"
"68","ACT",2021-10-07,NA,70.98,"False"
"69","ACT",2021-10-08,NA,71.9,"False"
"70","ACT",2021-10-09,NA,72.83,"False"
"71","ACT",2021-10-10,NA,73.58,"False"
"72","AUS",2021-08-01,NA,19.23,"False"
"73","AUS",2021-08-02,NA,19.7,"False"
"74","AUS",2021-08-03,NA,20.24,"False"
"75","AUS",2021-08-04,NA,20.8,"False"
"76","AUS",2021-08-05,NA,21.38,"False"
"77","AUS",2021-08-06,NA,21.95,"False"
"78","AUS",2021-08-07,NA,22.36,"False"
"79","AUS",2021-08-08,NA,22.56,"False"
"80","AUS",2021-08-09,NA,23.09,"False"
"81","AUS",2021-08-10,NA,23.73,"False"
"82","AUS",2021-08-11,NA,24.36,"False"
"83","AUS",2021-08-12,NA,25.02,"False"
"84","AUS",2021-08-13,NA,25.68,"False"
"85","AUS",2021-08-14,NA,26.06,"False"
"86","AUS",2021-08-15,NA,26.24,"False"
"87","AUS",2021-08-16,NA,26.88,"False"
"88","AUS",2021-08-17,NA,27.5,"False"
"89","AUS",2021-08-18,NA,28.2,"False"
"90","AUS",2021-08-19,NA,28.9,"False"
"91","AUS",2021-08-20,NA,29.6,"False"
"92","AUS",2021-08-21,NA,30.02,"False"
"93","AUS",2021-08-22,NA,30.27,"False"
"94","AUS",2021-08-23,NA,30.88,"False"
"95","AUS",2021-08-24,NA,31.56,"False"
"96","AUS",2021-08-25,NA,32.3,"False"
"97","AUS",2021-08-26,NA,33.02,"False"
"98","AUS",2021-08-27,NA,33.71,"False"
"99","AUS",2021-08-28,NA,34.16,"False"
"100","AUS",2021-08-29,NA,34.41,"False"
"101","AUS",2021-08-30,NA,35.03,"False"
"102","AUS",2021-08-31,NA,35.74,"False"
"103","AUS",2021-09-01,NA,36.43,"False"
"104","AUS",2021-09-02,NA,37.12,"False"
"105","AUS",2021-09-03,NA,37.8,"False"
"106","AUS",2021-09-04,NA,38.21,"False"
"107","AUS",2021-09-05,NA,38.43,"False"
"108","AUS",2021-09-06,NA,39.02,"False"
"109","AUS",2021-09-07,NA,39.7,"False"
"110","AUS",2021-09-08,NA,40.4,"False"
"111","AUS",2021-09-09,NA,41.14,"False"
"112","AUS",2021-09-10,NA,41.86,"False"
"113","AUS",2021-09-11,NA,42.29,"False"
"114","AUS",2021-09-12,NA,42.55,"False"
"115","AUS",2021-09-13,NA,43.24,"False"
"116","AUS",2021-09-14,NA,43.94,"False"
"117","AUS",2021-09-15,NA,44.66,"False"
"118","AUS",2021-09-16,NA,45.36,"False"
"119","AUS",2021-09-17,NA,46.18,"False"
"120","AUS",2021-09-18,NA,46.67,"False"
"121","AUS",2021-09-19,NA,47,"False"
"122","AUS",2021-09-20,NA,47.73,"False"
"123","AUS",2021-09-21,NA,48.53,"False"
"124","AUS",2021-09-22,NA,49.32,"False"
"125","AUS",2021-09-23,NA,50.15,"False"
"126","AUS",2021-09-24,NA,50.95,"False"
"127","AUS",2021-09-25,NA,51.49,"False"
"128","AUS",2021-09-26,NA,51.82,"False"
"129","AUS",2021-09-27,NA,52.57,"False"
"130","AUS",2021-09-28,NA,53.42,"False"
"131","AUS",2021-09-29,NA,54.2,"False"
"132","AUS",2021-09-30,NA,55.08,"False"
"133","AUS",2021-10-01,NA,55.96,"False"
"134","AUS",2021-10-02,NA,56.52,"False"
"135","AUS",2021-10-03,NA,56.88,"False"
"136","AUS",2021-10-04,NA,57.36,"False"
"137","AUS",2021-10-05,NA,58.36,"False"
"138","AUS",2021-10-06,NA,59.3,"False"
"139","AUS",2021-10-07,NA,60.25,"False"
"140","AUS",2021-10-08,NA,61.22,"False"
"141","AUS",2021-10-09,NA,61.93,"False"
"142","AUS",2021-10-10,NA,62.42,"False"
"143","NSW",2021-08-01,NA,19.28,"False"
"144","NSW",2021-08-02,NA,19.81,"False"
"145","NSW",2021-08-03,NA,20.44,"False"
"146","NSW",2021-08-04,NA,21.04,"False"
"147","NSW",2021-08-05,NA,21.68,"False"
"148","NSW",2021-08-06,NA,22.29,"False"
"149","NSW",2021-08-07,NA,22.87,"False"
"150","NSW",2021-08-08,NA,23.01,"False"
"151","NSW",2021-08-09,NA,23.59,"False"
"152","NSW",2021-08-10,NA,24.36,"False"
"153","NSW",2021-08-11,NA,25.06,"False"
"154","NSW",2021-08-12,NA,25.79,"False"
"155","NSW",2021-08-13,NA,26.54,"False"
"156","NSW",2021-08-14,NA,26.92,"False"
"157","NSW",2021-08-15,NA,27.13,"False"
"158","NSW",2021-08-16,NA,27.81,"False"
"159","NSW",2021-08-17,NA,28.5,"False"
"160","NSW",2021-08-18,NA,29.32,"False"
"161","NSW",2021-08-19,NA,30.05,"False"
"162","NSW",2021-08-20,NA,30.81,"False"
"163","NSW",2021-08-21,NA,31.26,"False"
"164","NSW",2021-08-22,NA,31.48,"False"
"165","NSW",2021-08-23,NA,32.18,"False"
"166","NSW",2021-08-24,NA,32.95,"False"
"167","NSW",2021-08-25,NA,33.79,"False"
"168","NSW",2021-08-26,NA,34.63,"False"
"169","NSW",2021-08-27,NA,35.43,"False"
"170","NSW",2021-08-28,NA,35.85,"False"
"171","NSW",2021-08-29,NA,36.13,"False"
"172","NSW",2021-08-30,NA,37.07,"False"
"173","NSW",2021-08-31,NA,37.84,"False"
"174","NSW",2021-09-01,NA,38.68,"False"
"175","NSW",2021-09-02,NA,39.46,"False"
"176","NSW",2021-09-03,NA,40.28,"False"
"177","NSW",2021-09-04,NA,40.8,"False"
"178","NSW",2021-09-05,NA,41.02,"False"
"179","NSW",2021-09-06,NA,41.79,"False"
"180","NSW",2021-09-07,NA,42.68,"False"
"181","NSW",2021-09-08,NA,43.56,"False"
"182","NSW",2021-09-09,NA,44.54,"False"
"183","NSW",2021-09-10,NA,45.58,"False"
"184","NSW",2021-09-11,NA,46.17,"False"
"185","NSW",2021-09-12,NA,46.48,"False"
"186","NSW",2021-09-13,NA,47.54,"False"
"187","NSW",2021-09-14,NA,48.53,"False"
"188","NSW",2021-09-15,NA,49.6,"False"
"189","NSW",2021-09-16,NA,50.58,"False"
"190","NSW",2021-09-17,NA,51.91,"False"
"191","NSW",2021-09-18,NA,52.65,"False"
"192","NSW",2021-09-19,NA,53.05,"False"
"193","NSW",2021-09-20,NA,54.2,"False"
"194","NSW",2021-09-21,NA,55.46,"False"
"195","NSW",2021-09-22,NA,56.63,"False"
"196","NSW",2021-09-23,NA,57.83,"False"
"197","NSW",2021-09-24,NA,59.25,"False"
"198","NSW",2021-09-25,NA,60.06,"False"
"199","NSW",2021-09-26,NA,60.45,"False"
"200","NSW",2021-09-27,NA,61.67,"False"
"201","NSW",2021-09-28,NA,62.94,"False"
"202","NSW",2021-09-29,NA,64.03,"False"
"203","NSW",2021-09-30,NA,65.22,"False"
"204","NSW",2021-10-01,NA,66.5,"False"
"205","NSW",2021-10-02,NA,67.14,"False"
"206","NSW",2021-10-03,NA,67.45,"False"
"207","NSW",2021-10-04,NA,67.67,"False"
"208","NSW",2021-10-05,NA,69.12,"False"
"209","NSW",2021-10-06,NA,70.32,"False"
"210","NSW",2021-10-07,NA,71.49,"False"
"211","NSW",2021-10-08,NA,72.75,"False"
"212","NSW",2021-10-09,NA,73.53,"False"
"213","NSW",2021-10-10,NA,73.97,"False"
"214","NT",2021-08-01,NA,24.48,"False"
"215","NT",2021-08-02,NA,24.62,"False"
"216","NT",2021-08-03,NA,25.03,"False"
"217","NT",2021-08-04,NA,25.7,"False"
"218","NT",2021-08-05,NA,26.28,"False"
"219","NT",2021-08-06,NA,26.83,"False"
"220","NT",2021-08-07,NA,27.18,"False"
"221","NT",2021-08-08,NA,27.23,"False"
"222","NT",2021-08-09,NA,27.69,"False"
"223","NT",2021-08-10,NA,28.21,"False"
"224","NT",2021-08-11,NA,28.83,"False"
"225","NT",2021-08-12,NA,29.46,"False"
"226","NT",2021-08-13,NA,29.99,"False"
"227","NT",2021-08-14,NA,30.28,"False"
"228","NT",2021-08-15,NA,30.38,"False"
"229","NT",2021-08-16,NA,30.73,"False"
"230","NT",2021-08-17,NA,31.17,"False"
"231","NT",2021-08-18,NA,31.89,"False"
"232","NT",2021-08-19,NA,32.58,"False"
"233","NT",2021-08-20,NA,33.24,"False"
"234","NT",2021-08-21,NA,33.65,"False"
"235","NT",2021-08-22,NA,33.83,"False"
"236","NT",2021-08-23,NA,34.18,"False"
"237","NT",2021-08-24,NA,34.71,"False"
"238","NT",2021-08-25,NA,35.36,"False"
"239","NT",2021-08-26,NA,36.01,"False"
"240","NT",2021-08-27,NA,36.65,"False"
"241","NT",2021-08-28,NA,37.08,"False"
"242","NT",2021-08-29,NA,37.18,"False"
"243","NT",2021-08-30,NA,37.71,"False"
"244","NT",2021-08-31,NA,38.34,"False"
"245","NT",2021-09-01,NA,39,"False"
"246","NT",2021-09-02,NA,39.58,"False"
"247","NT",2021-09-03,NA,40.08,"False"
"248","NT",2021-09-04,NA,40.33,"False"
"249","NT",2021-09-05,NA,40.54,"False"
"250","NT",2021-09-06,NA,41.05,"False"
"251","NT",2021-09-07,NA,41.77,"False"
"252","NT",2021-09-08,NA,42.43,"False"
"253","NT",2021-09-09,NA,43.13,"False"
"254","NT",2021-09-10,NA,43.82,"False"
"255","NT",2021-09-11,NA,44.13,"False"
"256","NT",2021-09-12,NA,44.31,"False"
"257","NT",2021-09-13,NA,44.89,"False"
"258","NT",2021-09-14,NA,45.49,"False"
"259","NT",2021-09-15,NA,46.1,"False"
"260","NT",2021-09-16,NA,46.63,"False"
"261","NT",2021-09-17,NA,47.25,"False"
"262","NT",2021-09-18,NA,47.56,"False"
"263","NT",2021-09-19,NA,47.8,"False"
"264","NT",2021-09-20,NA,48.2,"False"
"265","NT",2021-09-21,NA,48.71,"False"
"266","NT",2021-09-22,NA,49.34,"False"
"267","NT",2021-09-23,NA,49.96,"False"
"268","NT",2021-09-24,NA,50.66,"False"
"269","NT",2021-09-25,NA,50.92,"False"
"270","NT",2021-09-26,NA,51.09,"False"
"271","NT",2021-09-27,NA,51.47,"False"
"272","NT",2021-09-28,NA,51.93,"False"
"273","NT",2021-09-29,NA,52.48,"False"
"274","NT",2021-09-30,NA,53.02,"False"
"275","NT",2021-10-01,NA,53.38,"False"
"276","NT",2021-10-02,NA,53.62,"False"
"277","NT",2021-10-03,NA,53.8,"False"
"278","NT",2021-10-04,NA,54.18,"False"
"279","NT",2021-10-05,NA,54.6,"False"
"280","NT",2021-10-06,NA,55.1,"False"
"281","NT",2021-10-07,NA,55.58,"False"
"282","NT",2021-10-08,NA,56.12,"False"
"283","NT",2021-10-09,NA,56.37,"False"
"284","NT",2021-10-10,NA,56.5,"False"
"285","QLD",2021-08-01,NA,18.47,"False"
"286","QLD",2021-08-02,NA,18.82,"False"
"287","QLD",2021-08-03,NA,19.34,"False"
"288","QLD",2021-08-04,NA,19.95,"False"
"289","QLD",2021-08-05,NA,20.55,"False"
"290","QLD",2021-08-06,NA,21.12,"False"
"291","QLD",2021-08-07,NA,21.41,"False"
"292","QLD",2021-08-08,NA,21.57,"False"
"293","QLD",2021-08-09,NA,21.95,"False"
"294","QLD",2021-08-10,NA,22.51,"False"
"295","QLD",2021-08-11,NA,23.07,"False"
"296","QLD",2021-08-12,NA,23.66,"False"
"297","QLD",2021-08-13,NA,24.23,"False"
"298","QLD",2021-08-14,NA,24.56,"False"
"299","QLD",2021-08-15,NA,24.71,"False"
"300","QLD",2021-08-16,NA,25.18,"False"
"301","QLD",2021-08-17,NA,25.71,"False"
"302","QLD",2021-08-18,NA,26.3,"False"
"303","QLD",2021-08-19,NA,26.84,"False"
"304","QLD",2021-08-20,NA,27.4,"False"
"305","QLD",2021-08-21,NA,27.69,"False"
"306","QLD",2021-08-22,NA,27.87,"False"
"307","QLD",2021-08-23,NA,28.29,"False"
"308","QLD",2021-08-24,NA,28.85,"False"
"309","QLD",2021-08-25,NA,29.49,"False"
"310","QLD",2021-08-26,NA,30.16,"False"
"311","QLD",2021-08-27,NA,30.74,"False"
"312","QLD",2021-08-28,NA,31.09,"False"
"313","QLD",2021-08-29,NA,31.28,"False"
"314","QLD",2021-08-30,NA,31.7,"False"
"315","QLD",2021-08-31,NA,32.28,"False"
"316","QLD",2021-09-01,NA,32.9,"False"
"317","QLD",2021-09-02,NA,33.55,"False"
"318","QLD",2021-09-03,NA,34.14,"False"
"319","QLD",2021-09-04,NA,34.51,"False"
"320","QLD",2021-09-05,NA,34.75,"False"
"321","QLD",2021-09-06,NA,35.22,"False"
"322","QLD",2021-09-07,NA,35.81,"False"
"323","QLD",2021-09-08,NA,36.45,"False"
"324","QLD",2021-09-09,NA,37.07,"False"
"325","QLD",2021-09-10,NA,37.69,"False"
"326","QLD",2021-09-11,NA,38.08,"False"
"327","QLD",2021-09-12,NA,38.33,"False"
"328","QLD",2021-09-13,NA,38.78,"False"
"329","QLD",2021-09-14,NA,39.35,"False"
"330","QLD",2021-09-15,NA,39.95,"False"
"331","QLD",2021-09-16,NA,40.54,"False"
"332","QLD",2021-09-17,NA,41.1,"False"
"333","QLD",2021-09-18,NA,41.47,"False"
"334","QLD",2021-09-19,NA,41.76,"False"
"335","QLD",2021-09-20,NA,42.25,"False"
"336","QLD",2021-09-21,NA,42.78,"False"
"337","QLD",2021-09-22,NA,43.36,"False"
"338","QLD",2021-09-23,NA,43.96,"False"
"339","QLD",2021-09-24,NA,44.51,"False"
"340","QLD",2021-09-25,NA,44.88,"False"
"341","QLD",2021-09-26,NA,45.13,"False"
"342","QLD",2021-09-27,NA,45.6,"False"
"343","QLD",2021-09-28,NA,46.17,"False"
"344","QLD",2021-09-29,NA,46.74,"False"
"345","QLD",2021-09-30,NA,47.38,"False"
"346","QLD",2021-10-01,NA,47.98,"False"
"347","QLD",2021-10-02,NA,48.37,"False"
"348","QLD",2021-10-03,NA,48.67,"False"
"349","QLD",2021-10-04,NA,48.89,"False"
"350","QLD",2021-10-05,NA,49.53,"False"
"351","QLD",2021-10-06,NA,50.3,"False"
"352","QLD",2021-10-07,NA,51.06,"False"
"353","QLD",2021-10-08,NA,51.75,"False"
"354","QLD",2021-10-09,NA,52.25,"False"
"355","QLD",2021-10-10,NA,52.7,"False"
"356","SA",2021-08-01,NA,19.31,"False"
"357","SA",2021-08-02,NA,19.75,"False"
"358","SA",2021-08-03,NA,20.23,"False"
"359","SA",2021-08-04,NA,20.8,"False"
"360","SA",2021-08-05,NA,21.32,"False"
"361","SA",2021-08-06,NA,21.83,"False"
"362","SA",2021-08-07,NA,22.13,"False"
"363","SA",2021-08-08,NA,22.32,"False"
"364","SA",2021-08-09,NA,22.79,"False"
"365","SA",2021-08-10,NA,23.39,"False"
"366","SA",2021-08-11,NA,24.01,"False"
"367","SA",2021-08-12,NA,24.69,"False"
"368","SA",2021-08-13,NA,25.28,"False"
"369","SA",2021-08-14,NA,25.59,"False"
"370","SA",2021-08-15,NA,25.76,"False"
"371","SA",2021-08-16,NA,26.35,"False"
"372","SA",2021-08-17,NA,26.97,"False"
"373","SA",2021-08-18,NA,27.64,"False"
"374","SA",2021-08-19,NA,28.29,"False"
"375","SA",2021-08-20,NA,28.96,"False"
"376","SA",2021-08-21,NA,29.31,"False"
"377","SA",2021-08-22,NA,29.48,"False"
"378","SA",2021-08-23,NA,30.1,"False"
"379","SA",2021-08-24,NA,30.78,"False"
"380","SA",2021-08-25,NA,31.54,"False"
"381","SA",2021-08-26,NA,32.25,"False"
"382","SA",2021-08-27,NA,32.96,"False"
"383","SA",2021-08-28,NA,33.36,"False"
"384","SA",2021-08-29,NA,33.61,"False"
"385","SA",2021-08-30,NA,34.21,"False"
"386","SA",2021-08-31,NA,34.86,"False"
"387","SA",2021-09-01,NA,35.49,"False"
"388","SA",2021-09-02,NA,36.18,"False"
"389","SA",2021-09-03,NA,36.82,"False"
"390","SA",2021-09-04,NA,37.1,"False"
"391","SA",2021-09-05,NA,37.28,"False"
"392","SA",2021-09-06,NA,37.72,"False"
"393","SA",2021-09-07,NA,38.28,"False"
"394","SA",2021-09-08,NA,38.92,"False"
"395","SA",2021-09-09,NA,39.54,"False"
"396","SA",2021-09-10,NA,40.09,"False"
"397","SA",2021-09-11,NA,40.39,"False"
"398","SA",2021-09-12,NA,40.6,"False"
"399","SA",2021-09-13,NA,41.19,"False"
"400","SA",2021-09-14,NA,41.78,"False"
"401","SA",2021-09-15,NA,42.39,"False"
"402","SA",2021-09-16,NA,42.97,"False"
"403","SA",2021-09-17,NA,43.54,"False"
"404","SA",2021-09-18,NA,43.87,"False"
"405","SA",2021-09-19,NA,44.13,"False"
"406","SA",2021-09-20,NA,44.69,"False"
"407","SA",2021-09-21,NA,45.29,"False"
"408","SA",2021-09-22,NA,45.92,"False"
"409","SA",2021-09-23,NA,46.53,"False"
"410","SA",2021-09-24,NA,47.15,"False"
"411","SA",2021-09-25,NA,47.54,"False"
"412","SA",2021-09-26,NA,47.84,"False"
"413","SA",2021-09-27,NA,48.38,"False"
"414","SA",2021-09-28,NA,48.96,"False"
"415","SA",2021-09-29,NA,49.58,"False"
"416","SA",2021-09-30,NA,50.22,"False"
"417","SA",2021-10-01,NA,50.81,"False"
"418","SA",2021-10-02,NA,51.19,"False"
"419","SA",2021-10-03,NA,51.47,"False"
"420","SA",2021-10-04,NA,51.68,"False"
"421","SA",2021-10-05,NA,52.36,"False"
"422","SA",2021-10-06,NA,53.02,"False"
"423","SA",2021-10-07,NA,53.65,"False"
"424","SA",2021-10-08,NA,54.27,"False"
"425","SA",2021-10-09,NA,54.68,"False"
"426","SA",2021-10-10,NA,54.97,"False"
"427","TAS",2021-08-01,NA,24.66,"False"
"428","TAS",2021-08-02,NA,25.08,"False"
"429","TAS",2021-08-03,NA,25.7,"False"
"430","TAS",2021-08-04,NA,26.25,"False"
"431","TAS",2021-08-05,NA,26.76,"False"
"432","TAS",2021-08-06,NA,27.2,"False"
"433","TAS",2021-08-07,NA,27.67,"False"
"434","TAS",2021-08-08,NA,27.97,"False"
"435","TAS",2021-08-09,NA,28.64,"False"
"436","TAS",2021-08-10,NA,29.37,"False"
"437","TAS",2021-08-11,NA,30.06,"False"
"438","TAS",2021-08-12,NA,30.98,"False"
"439","TAS",2021-08-13,NA,31.65,"False"
"440","TAS",2021-08-14,NA,32.27,"False"
"441","TAS",2021-08-15,NA,32.53,"False"
"442","TAS",2021-08-16,NA,33.09,"False"
"443","TAS",2021-08-17,NA,33.79,"False"
"444","TAS",2021-08-18,NA,34.44,"False"
"445","TAS",2021-08-19,NA,35.34,"False"
"446","TAS",2021-08-20,NA,35.98,"False"
"447","TAS",2021-08-21,NA,36.63,"False"
"448","TAS",2021-08-22,NA,36.91,"False"
"449","TAS",2021-08-23,NA,37.54,"False"
"450","TAS",2021-08-24,NA,38.16,"False"
"451","TAS",2021-08-25,NA,38.98,"False"
"452","TAS",2021-08-26,NA,39.89,"False"
"453","TAS",2021-08-27,NA,40.62,"False"
"454","TAS",2021-08-28,NA,41.3,"False"
"455","TAS",2021-08-29,NA,41.49,"False"
"456","TAS",2021-08-30,NA,42.06,"False"
"457","TAS",2021-08-31,NA,42.94,"False"
"458","TAS",2021-09-01,NA,43.68,"False"
"459","TAS",2021-09-02,NA,44.33,"False"
"460","TAS",2021-09-03,NA,44.92,"False"
"461","TAS",2021-09-04,NA,45.35,"False"
"462","TAS",2021-09-05,NA,45.65,"False"
"463","TAS",2021-09-06,NA,46.05,"False"
"464","TAS",2021-09-07,NA,46.42,"False"
"465","TAS",2021-09-08,NA,47.09,"False"
"466","TAS",2021-09-09,NA,47.78,"False"
"467","TAS",2021-09-10,NA,48.19,"False"
"468","TAS",2021-09-11,NA,48.55,"False"
"469","TAS",2021-09-12,NA,48.57,"False"
"470","TAS",2021-09-13,NA,49.26,"False"
"471","TAS",2021-09-14,NA,49.85,"False"
"472","TAS",2021-09-15,NA,50.3,"False"
"473","TAS",2021-09-16,NA,50.78,"False"
"474","TAS",2021-09-17,NA,51.25,"False"
"475","TAS",2021-09-18,NA,51.78,"False"
"476","TAS",2021-09-19,NA,52.17,"False"
"477","TAS",2021-09-20,NA,52.88,"False"
"478","TAS",2021-09-21,NA,53.56,"False"
"479","TAS",2021-09-22,NA,54.49,"False"
"480","TAS",2021-09-23,NA,55.13,"False"
"481","TAS",2021-09-24,NA,55.73,"False"
"482","TAS",2021-09-25,NA,56.36,"False"
"483","TAS",2021-09-26,NA,56.65,"False"
"484","TAS",2021-09-27,NA,57.1,"False"
"485","TAS",2021-09-28,NA,57.79,"False"
"486","TAS",2021-09-29,NA,58.39,"False"
"487","TAS",2021-09-30,NA,59.27,"False"
"488","TAS",2021-10-01,NA,59.74,"False"
"489","TAS",2021-10-02,NA,59.99,"False"
"490","TAS",2021-10-03,NA,60.1,"False"
"491","TAS",2021-10-04,NA,61.39,"False"
"492","TAS",2021-10-05,NA,62.06,"False"
"493","TAS",2021-10-06,NA,62.74,"False"
"494","TAS",2021-10-07,NA,63.45,"False"
"495","TAS",2021-10-08,NA,64.14,"False"
"496","TAS",2021-10-09,NA,64.69,"False"
"497","TAS",2021-10-10,NA,65,"False"
"498","VIC",2021-08-01,NA,19.37,"False"
"499","VIC",2021-08-02,NA,19.85,"False"
"500","VIC",2021-08-03,NA,20.29,"False"
"501","VIC",2021-08-04,NA,20.8,"False"
"502","VIC",2021-08-05,NA,21.31,"False"
"503","VIC",2021-08-06,NA,21.87,"False"
"504","VIC",2021-08-07,NA,22.22,"False"
"505","VIC",2021-08-08,NA,22.47,"False"
"506","VIC",2021-08-09,NA,23.03,"False"
"507","VIC",2021-08-10,NA,23.59,"False"
"508","VIC",2021-08-11,NA,24.2,"False"
"509","VIC",2021-08-12,NA,24.79,"False"
"510","VIC",2021-08-13,NA,25.43,"False"
"511","VIC",2021-08-14,NA,25.84,"False"
"512","VIC",2021-08-15,NA,25.94,"False"
"513","VIC",2021-08-16,NA,26.68,"False"
"514","VIC",2021-08-17,NA,27.28,"False"
"515","VIC",2021-08-18,NA,27.96,"False"
"516","VIC",2021-08-19,NA,28.65,"False"
"517","VIC",2021-08-20,NA,29.37,"False"
"518","VIC",2021-08-21,NA,29.85,"False"
"519","VIC",2021-08-22,NA,30.14,"False"
"520","VIC",2021-08-23,NA,30.78,"False"
"521","VIC",2021-08-24,NA,31.45,"False"
"522","VIC",2021-08-25,NA,32.15,"False"
"523","VIC",2021-08-26,NA,32.7,"False"
"524","VIC",2021-08-27,NA,33.33,"False"
"525","VIC",2021-08-28,NA,33.94,"False"
"526","VIC",2021-08-29,NA,34.19,"False"
"527","VIC",2021-08-30,NA,34.65,"False"
"528","VIC",2021-08-31,NA,35.39,"False"
"529","VIC",2021-09-01,NA,36.01,"False"
"530","VIC",2021-09-02,NA,36.61,"False"
"531","VIC",2021-09-03,NA,37.23,"False"
"532","VIC",2021-09-04,NA,37.6,"False"
"533","VIC",2021-09-05,NA,37.79,"False"
"534","VIC",2021-09-06,NA,38.3,"False"
"535","VIC",2021-09-07,NA,38.84,"False"
"536","VIC",2021-09-08,NA,39.38,"False"
"537","VIC",2021-09-09,NA,39.96,"False"
"538","VIC",2021-09-10,NA,40.46,"False"
"539","VIC",2021-09-11,NA,40.76,"False"
"540","VIC",2021-09-12,NA,40.95,"False"
"541","VIC",2021-09-13,NA,41.44,"False"
"542","VIC",2021-09-14,NA,41.94,"False"
"543","VIC",2021-09-15,NA,42.44,"False"
"544","VIC",2021-09-16,NA,42.94,"False"
"545","VIC",2021-09-17,NA,43.5,"False"
"546","VIC",2021-09-18,NA,43.85,"False"
"547","VIC",2021-09-19,NA,44.1,"False"
"548","VIC",2021-09-20,NA,44.66,"False"
"549","VIC",2021-09-21,NA,45.24,"False"
"550","VIC",2021-09-22,NA,45.86,"False"
"551","VIC",2021-09-23,NA,46.57,"False"
"552","VIC",2021-09-24,NA,46.95,"False"
"553","VIC",2021-09-25,NA,47.37,"False"
"554","VIC",2021-09-26,NA,47.72,"False"
"555","VIC",2021-09-27,NA,48.42,"False"
"556","VIC",2021-09-28,NA,49.13,"False"
"557","VIC",2021-09-29,NA,49.81,"False"
"558","VIC",2021-09-30,NA,50.64,"False"
"559","VIC",2021-10-01,NA,51.47,"False"
"560","VIC",2021-10-02,NA,52.14,"False"
"561","VIC",2021-10-03,NA,52.62,"False"
"562","VIC",2021-10-04,NA,53.57,"False"
"563","VIC",2021-10-05,NA,54.55,"False"
"564","VIC",2021-10-06,NA,55.55,"False"
"565","VIC",2021-10-07,NA,56.57,"False"
"566","VIC",2021-10-08,NA,57.67,"False"
"567","VIC",2021-10-09,NA,58.62,"False"
"568","VIC",2021-10-10,NA,59.3,"False"
"569","WA",2021-08-01,NA,16.33,"False"
"570","WA",2021-08-02,NA,16.83,"False"
"571","WA",2021-08-03,NA,17.39,"False"
"572","WA",2021-08-04,NA,17.9,"False"
"573","WA",2021-08-05,NA,18.46,"False"
"574","WA",2021-08-06,NA,18.97,"False"
"575","WA",2021-08-07,NA,19.3,"False"
"576","WA",2021-08-08,NA,19.56,"False"
"577","WA",2021-08-09,NA,20.13,"False"
"578","WA",2021-08-10,NA,20.69,"False"
"579","WA",2021-08-11,NA,21.3,"False"
"580","WA",2021-08-12,NA,21.92,"False"
"581","WA",2021-08-13,NA,22.51,"False"
"582","WA",2021-08-14,NA,22.86,"False"
"583","WA",2021-08-15,NA,23.16,"False"
"584","WA",2021-08-16,NA,23.81,"False"
"585","WA",2021-08-17,NA,24.41,"False"
"586","WA",2021-08-18,NA,25.06,"False"
"587","WA",2021-08-19,NA,25.73,"False"
"588","WA",2021-08-20,NA,26.36,"False"
"589","WA",2021-08-21,NA,26.82,"False"
"590","WA",2021-08-22,NA,27.17,"False"
"591","WA",2021-08-23,NA,27.77,"False"
"592","WA",2021-08-24,NA,28.47,"False"
"593","WA",2021-08-25,NA,29.11,"False"
"594","WA",2021-08-26,NA,29.78,"False"
"595","WA",2021-08-27,NA,30.46,"False"
"596","WA",2021-08-28,NA,30.86,"False"
"597","WA",2021-08-29,NA,31.1,"False"
"598","WA",2021-08-30,NA,31.54,"False"
"599","WA",2021-08-31,NA,32.1,"False"
"600","WA",2021-09-01,NA,32.66,"False"
"601","WA",2021-09-02,NA,33.26,"False"
"602","WA",2021-09-03,NA,33.82,"False"
"603","WA",2021-09-04,NA,34.2,"False"
"604","WA",2021-09-05,NA,34.42,"False"
"605","WA",2021-09-06,NA,35.03,"False"
"606","WA",2021-09-07,NA,35.65,"False"
"607","WA",2021-09-08,NA,36.26,"False"
"608","WA",2021-09-09,NA,36.93,"False"
"609","WA",2021-09-10,NA,37.55,"False"
"610","WA",2021-09-11,NA,37.93,"False"
"611","WA",2021-09-12,NA,38.24,"False"
"612","WA",2021-09-13,NA,38.8,"False"
"613","WA",2021-09-14,NA,39.35,"False"
"614","WA",2021-09-15,NA,39.91,"False"
"615","WA",2021-09-16,NA,40.5,"False"
"616","WA",2021-09-17,NA,41.08,"False"
"617","WA",2021-09-18,NA,41.48,"False"
"618","WA",2021-09-19,NA,41.83,"False"
"619","WA",2021-09-20,NA,42.33,"False"
"620","WA",2021-09-21,NA,42.84,"False"
"621","WA",2021-09-22,NA,43.36,"False"
"622","WA",2021-09-23,NA,43.91,"False"
"623","WA",2021-09-24,NA,44.48,"False"
"624","WA",2021-09-25,NA,44.78,"False"
"625","WA",2021-09-26,NA,45.05,"False"
"626","WA",2021-09-27,NA,45.27,"False"
"627","WA",2021-09-28,NA,45.86,"False"
"628","WA",2021-09-29,NA,46.45,"False"
"629","WA",2021-09-30,NA,47.08,"False"
"630","WA",2021-10-01,NA,47.65,"False"
"631","WA",2021-10-02,NA,48.09,"False"
"632","WA",2021-10-03,NA,48.45,"False"
"633","WA",2021-10-04,NA,48.98,"False"
"634","WA",2021-10-05,NA,49.54,"False"
"635","WA",2021-10-06,NA,50.09,"False"
"636","WA",2021-10-07,NA,50.69,"False"
"637","WA",2021-10-08,NA,51.26,"False"
"638","WA",2021-10-09,NA,51.7,"False"
"639","WA",2021-10-10,NA,52.03,"False"
